PassengerId,Age,SibSp,Parch,Fare,Ticket,Sex,Pclass,Embarked,Survived
379,20,0,0,4.0125,2648,1,3,1,0
844,34.5,0,0,6.4375,2683,1,3,1,0
876,15,0,0,7.225,2667,2,3,1,1
911,45,0,0,7.225,2696,2,3,1,1
1129,20,0,0,7.225,2679,1,3,1,0
909,21,0,0,7.225,2692,1,3,1,0
1203,22,0,0,7.225,2658,1,3,1,0
919,22.5,0,0,7.225,2698,1,3,1,0
694,25,0,0,7.225,2672,1,3,1,0
1028,26.5,0,0,7.225,2656,1,3,1,0
1063,27,0,0,7.225,2670,1,3,1,0
245,30,0,0,7.225,2694,1,3,1,0
662,40,0,0,7.225,2623,1,3,1,0
204,45.5,0,0,7.225,2628,1,3,1,0
554,22,0,0,7.225,2620,1,3,1,1
781,13,0,0,7.2292,2687,2,3,1,1
900,18,0,0,7.2292,2657,2,3,1,1
1239,38,0,0,7.2292,2688,2,3,1,1
927,18.5,0,0,7.2292,2682,1,3,1,0
61,22,0,0,7.2292,2669,1,3,1,0
297,23.5,0,0,7.2292,2693,1,3,1,0
1213,25,0,0,7.2292,2654,1,3,1,0
58,28.5,0,0,7.2292,2697,1,3,1,0
799,30,0,0,7.2292,2685,1,3,1,0
763,20,0,0,7.2292,2663,1,3,1,1
353,15,1,1,7.2292,2695,1,3,1,0
533,17,1,1,7.2292,2690,1,3,1,0
1229,39,0,2,7.2292,2675,1,3,1,0
131,33,0,0,7.8958,349241,1,3,1,0
848,35,0,0,7.8958,349213,1,3,1,0
456,29,0,0,7.8958,349240,1,3,1,1
804,0.42,0,1,8.5167,2625,1,3,1,1
996,16,1,1,8.5167,2625,2,3,1,1
286,33,0,0,8.6625,349239,1,3,1,0
40,14,1,0,11.2417,2651,2,3,1,1
126,12,1,0,11.2417,2651,1,3,1,1
390,17,0,0,12,SC 1748,2,2,1,1
1156,30,0,0,12.7375,C.A. 34644,1,2,1,0
293,36,0,0,12.875,SC/Paris 2163,1,2,1,0
692,4,0,1,13.4167,349256,2,3,1,1
932,39,0,1,13.4167,349256,1,3,1,0
474,23,0,0,13.7917,SC/AH Basle 541,2,2,1,1
1261,29,0,0,13.8583,SC/PARIS 2147,1,2,1,0
867,27,1,0,13.8583,SC/PARIS 2149,2,2,1,1
1112,30,1,0,13.8583,SC/PARIS 2148,2,2,1,1
1297,20,0,0,13.8625,SC/PARIS 2166,1,2,1,0
112,14.5,1,0,14.4542,2665,2,3,1,0
831,15,1,0,14.4542,2659,2,3,1,1
1007,18,1,0,14.4542,2680,1,3,1,0
74,26,1,0,14.4542,2680,1,3,1,0
621,27,1,0,14.4542,2659,1,3,1,0
703,18,0,1,14.4542,2691,2,3,1,0
363,45,0,1,14.4542,2691,2,3,1,0
115,17,0,0,14.4583,2627,2,3,1,0
943,27,0,0,15.0333,SC/PARIS 2168,1,2,1,0
136,23,0,0,15.0458,SC/PARIS 2133,1,2,1,0
1002,41,0,0,15.0458,237734,1,2,1,0
853,9,1,1,15.2458,2678,2,3,1,0
1175,9,1,1,15.2458,2650,2,3,1,1
972,6,1,1,15.2458,2678,1,3,1,0
1053,7,1,1,15.2458,2650,1,3,1,0
256,29,0,2,15.2458,2650,2,3,1,1
1225,19,1,1,15.7417,2653,2,3,1,1
623,20,1,1,15.7417,2653,1,3,1,1
382,1,0,2,15.7417,2653,2,3,1,1
732,11,0,0,18.7875,2699,1,3,1,0
208,26,0,0,18.7875,2699,1,3,1,1
470,0.75,2,1,19.2583,2666,2,3,1,1
645,0.75,2,1,19.2583,2666,2,3,1,1
449,5,2,1,19.2583,2666,2,3,1,1
859,24,0,3,19.2583,2666,2,3,1,1
875,28,1,0,24,P/PP 3381,2,2,1,1
309,30,1,0,24,P/PP 3381,1,2,1,0
986,25,0,0,26,13905,1,1,1,0
605,35,0,0,26.55,111426,1,1,1,1
1116,53,0,0,27.4458,PC 17606,2,1,1,1
1100,33,0,0,27.7208,PC 17613,2,1,1,1
195,44,0,0,27.7208,PC 17610,2,1,1,1
1132,55,0,0,27.7208,112377,2,1,1,1
965,28.5,0,0,27.7208,PC 17562,1,1,1,0
31,40,0,0,27.7208,PC 17601,1,1,1,0
907,24,1,0,27.7208,SC/PARIS 2167,2,2,1,1
1296,43,1,0,27.7208,17765,1,1,1,0
362,29,1,0,27.7208,SC/PARIS 2167,1,2,1,0
453,30,0,0,27.75,113051,1,1,1,0
1023,53,0,0,28.5,113780,1,1,1,0
960,31,0,0,28.5375,2543,1,1,1,0
178,50,0,0,28.7125,PC 17595,2,1,1,0
1223,39,0,0,29.7,PC 17580,1,1,1,0
938,45,0,0,29.7,PC 17594,1,1,1,0
488,58,0,0,29.7,11771,1,1,1,0
274,37,0,1,29.7,PC 17596,1,1,1,0
890,26,0,0,30,111369,1,1,1,1
10,14,1,0,30.0708,237736,2,2,1,1
123,32.5,1,0,30.0708,237736,1,2,1,0
633,32,0,0,30.5,13214,1,1,1,1
175,56,0,0,30.6958,17764,1,1,1,0
843,30,0,0,31,113798,2,1,1,1
210,40,0,0,31,112277,1,1,1,1
1004,36,0,0,31.6792,PC 17531,2,1,1,1
97,71,0,0,34.6542,PC 17754,1,1,1,0
648,56,0,0,35.5,13213,1,1,1,1
1253,24,1,1,37.0042,S.C./PARIS 2079,2,2,1,1
818,31,1,1,37.0042,S.C./PARIS 2079,1,2,1,0
828,1,0,2,37.0042,S.C./PARIS 2079,1,2,1,1
557,48,1,0,39.6,11755,2,1,1,1
584,36,0,0,40.125,13049,1,1,1,0
1188,1,1,2,41.5792,SC/Paris 2123,2,2,1,1
44,3,1,2,41.5792,SC/Paris 2123,2,2,1,1
609,22,1,2,41.5792,SC/Paris 2123,2,2,1,1
686,25,1,2,41.5792,SC/Paris 2123,1,2,1,0
540,22,0,2,49.5,13568,2,1,1,1
711,24,0,0,49.5042,PC 17482,2,1,1,1
494,71,0,0,49.5042,PC 17609,1,1,1,0
1058,48,0,0,50.4958,PC 17591,1,1,1,0
1256,25,1,0,55.4417,11765,2,1,1,1
992,43,1,0,55.4417,11778,2,1,1,1
1069,54,1,0,55.4417,11778,1,1,1,0
371,25,1,0,55.4417,11765,1,1,1,1
310,30,0,0,56.9292,PC 17485,2,1,1,1
600,49,1,0,56.9292,PC 17485,1,1,1,1
1014,35,1,0,57.75,13236,2,1,1,1
926,30,1,0,57.75,13236,1,1,1,0
330,16,0,1,57.9792,111361,2,1,1,1
524,44,0,1,57.9792,111361,2,1,1,1
514,54,1,0,59.4,PC 17603,2,1,1,1
912,55,1,0,59.4,PC 17603,1,1,1,0
1294,22,0,1,59.4,112378,2,1,1,1
1260,45,0,1,59.4,112378,2,1,1,1
915,21,0,1,61.3792,PC 17597,1,1,1,0
156,51,0,1,61.3792,PC 17597,1,1,1,0
918,22,0,1,61.9792,113509,2,1,1,1
55,65,0,1,61.9792,113509,1,1,1,0
1242,45,0,1,63.3583,PC 17759,2,1,1,1
98,23,0,1,63.3583,PC 17759,1,1,1,1
370,24,0,0,69.3,PC 17477,2,1,1,1
642,24,0,0,69.3,PC 17477,2,1,1,1
2,38,1,0,71.2833,PC 17599,2,1,1,1
1126,39,1,0,71.2833,PC 17599,1,1,1,0
1010,36,0,0,75.2417,13050,1,1,1,0
1162,46,0,0,75.2417,13050,1,1,1,0
367,60,1,0,75.25,110813,2,1,1,1
1128,64,1,0,75.25,110813,1,1,1,0
219,32,0,0,76.2917,11813,2,1,1,1
940,60,0,0,76.2917,11813,2,1,1,1
682,27,0,0,76.7292,PC 17572,1,1,1,1
53,49,1,0,76.7292,PC 17572,2,1,1,1
646,48,1,0,76.7292,PC 17572,1,1,1,1
592,52,1,0,78.2667,36947,2,1,1,1
497,54,1,0,78.2667,36947,2,1,1,1
140,24,0,0,79.2,PC 17593,1,1,1,0
790,46,0,0,79.2,PC 17593,1,1,1,0
1219,46,0,0,79.2,PC 17585,1,1,1,0
1289,48,1,1,79.2,13567,2,1,1,1
588,60,1,1,79.2,13567,1,1,1,1
35,28,1,0,82.1708,PC 17604,1,1,1,0
311,24,0,0,83.1583,11767,2,1,1,1
1042,23,0,1,83.1583,11767,2,1,1,1
880,56,0,1,83.1583,11767,2,1,1,1
836,39,1,1,83.1583,PC 17756,2,1,1,1
1073,37,1,1,83.1583,PC 17756,1,1,1,0
1071,64,0,2,83.1583,PC 17756,2,1,1,1
454,49,1,0,89.1042,17453,1,1,1,1
292,19,1,0,91.0792,11967,2,1,1,1
485,25,1,0,91.0792,11967,1,1,1,1
538,30,0,0,106.425,PC 17761,2,1,1,1
1131,48,1,0,106.425,PC 17761,2,1,1,1
545,50,1,0,106.425,PC 17761,1,1,1,0
1306,39,0,0,108.9,PC 17758,2,1,1,1
308,17,1,0,108.9,PC 17758,2,1,1,1
506,18,1,0,108.9,PC 17758,1,1,1,0
582,39,1,1,110.8833,17421,2,1,1,1
699,49,1,1,110.8833,17421,1,1,1,0
551,17,0,2,110.8833,17421,1,1,1,1
394,23,1,0,113.275,35273,2,1,1,1
216,31,1,0,113.275,35273,2,1,1,1
660,58,0,2,113.275,35273,1,1,1,0
1263,31,0,0,134.5,16966,2,1,1,1
338,41,0,0,134.5,16966,2,1,1,1
320,40,1,1,134.5,16966,2,1,1,1
1134,45,1,1,134.5,16966,1,1,1,0
1088,6,0,2,134.5,16966,1,1,1,0
326,36,0,0,135.6333,PC 17760,2,1,1,1
1206,55,0,0,135.6333,PC 17760,2,1,1,1
374,22,0,0,135.6333,PC 17760,1,1,1,0
1164,26,1,0,136.7792,13508,2,1,1,1
1144,27,1,0,136.7792,13508,1,1,1,0
196,58,0,0,146.5208,PC 17569,2,1,1,1
1208,57,1,0,146.5208,PC 17569,1,1,1,0
966,35,0,0,211.5,113503,2,1,1,1
967,32.5,0,0,211.5,113503,1,1,1,0
1110,50,1,1,211.5,113503,2,1,1,1
1299,50,1,1,211.5,113503,1,1,1,0
378,27,0,2,211.5,113503,1,1,1,0
717,38,0,0,227.525,PC 17757,2,1,1,1
381,42,0,0,227.525,PC 17757,2,1,1,1
701,18,1,0,227.525,PC 17757,2,1,1,1
1094,47,1,0,227.525,PC 17757,1,1,1,0
300,50,0,1,247.5208,PC 17558,2,1,1,1
119,24,0,1,247.5208,PC 17558,1,1,1,0
1076,27,1,1,247.5208,PC 17558,2,1,1,1
951,36,0,0,262.375,PC 17608,2,1,1,1
1267,45,0,0,262.375,PC 17608,2,1,1,1
312,18,2,2,262.375,PC 17608,2,1,1,1
743,21,2,2,262.375,PC 17608,2,1,1,1
956,13,2,2,262.375,PC 17608,1,1,1,0
916,48,1,3,262.375,PC 17608,2,1,1,1
1034,61,1,3,262.375,PC 17608,1,1,1,0
259,35,0,0,512.3292,PC 17755,2,1,1,1
738,35,0,0,512.3292,PC 17755,1,1,1,1
1235,58,0,1,512.3292,PC 17755,2,1,1,1
680,36,0,1,512.3292,PC 17755,1,1,1,1
655,18,0,0,6.75,365226,2,3,2,0
144,19,0,0,6.75,365222,1,3,2,0
1183,30,0,0,6.95,382650,2,3,2,1
1288,24,0,0,7.25,371109,1,3,2,0
1005,18.5,0,0,7.2833,329944,2,3,2,1
898,30,0,0,7.6292,330972,2,3,2,1
955,22,0,0,7.725,334914,2,3,2,1
157,16,0,0,7.7333,35851,2,3,2,1
1207,17,0,0,7.7333,AQ/3. 30631,2,3,2,1
422,21,0,0,7.7333,A/5. 13032,1,3,2,0
1291,31,0,0,7.7333,21332,1,3,2,0
704,25,0,0,7.7417,36864,1,3,2,0
502,21,0,0,7.75,364846,2,3,2,0
768,30.5,0,0,7.75,364850,2,3,2,0
209,16,0,0,7.75,367231,2,3,2,1
290,22,0,0,7.75,370373,2,3,2,1
962,24,0,0,7.75,382653,2,3,2,1
971,24,0,0,7.75,368702,2,3,2,1
1098,35,0,0,7.75,9232,2,3,2,1
1205,37,0,0,7.75,368364,2,3,2,1
1280,21,0,0,7.75,364858,1,3,2,0
750,31,0,0,7.75,335097,1,3,2,0
891,32,0,0,7.75,370376,1,3,2,0
526,40.5,0,0,7.75,367232,1,3,2,0
281,65,0,0,7.75,336439,1,3,2,0
117,70.5,0,0,7.75,370369,1,3,2,0
511,29,0,0,7.75,382651,1,3,2,1
998,21,0,0,7.8208,330920,1,3,2,0
892,34.5,0,0,7.8292,330911,1,3,2,0
958,18,0,0,7.8792,330963,2,3,2,1
45,19,0,0,7.8792,330958,2,3,2,1
978,27,0,0,7.8792,330844,2,3,2,1
1273,26,0,0,7.8792,330910,1,3,2,0
23,15,0,0,8.0292,330923,2,3,2,1
894,62,0,0,9.6875,240276,1,2,2,0
323,30,0,0,12.35,234818,2,2,2,1
908,35,0,0,12.35,233734,1,2,2,0
627,57,0,0,12.35,219533,1,2,2,0
1085,61,0,0,12.35,235509,1,2,2,0
658,32,1,1,15.5,364849,2,3,2,0
189,40,1,1,15.5,364849,1,3,2,0
17,2,4,1,29.125,382652,1,3,2,0
172,4,4,1,29.125,382652,1,3,2,0
279,7,4,1,29.125,382652,1,3,2,0
788,8,4,1,29.125,382652,1,3,2,0
947,10,4,1,29.125,382652,1,3,2,0
886,39,0,5,29.125,382652,2,3,2,0
413,33,1,0,90,19928,2,1,2,1
1303,37,1,0,90,19928,2,1,2,1
246,44,2,0,90,19928,1,1,2,0
823,38,0,0,0,19972,1,1,3,0
807,39,0,0,0,112050,1,1,3,0
264,40,0,0,0,112059,1,1,3,0
1264,49,0,0,0,112058,1,1,3,0
303,19,0,0,0,LINE,1,3,3,0
180,36,0,0,0,LINE,1,3,3,0
598,49,0,0,0,LINE,1,3,3,0
272,25,0,0,0,LINE,1,3,3,1
913,9,0,1,3.1708,C 17368,1,3,3,0
873,33,0,0,5,695,1,1,3,0
327,61,0,0,6.2375,345364,1,3,3,0
819,43,0,0,6.45,C 7075,1,3,3,0
203,34,0,0,6.4958,3101264,1,3,3,0
372,18,1,0,6.4958,3101267,1,3,3,0
1124,21,1,0,6.4958,3101266,1,3,3,0
130,45,0,0,6.975,347061,1,3,3,0
805,27,0,0,6.975,347089,1,3,3,1
893,47,1,0,7,363272,2,3,3,1
478,29,1,0,7.0458,3460,1,3,3,0
132,20,0,0,7.05,SOTON/O.Q. 3101307,1,3,3,0
1217,23,0,0,7.05,SOTON/O.Q. 3101309,1,3,3,0
211,24,0,0,7.05,SOTON/O.Q. 3101311,1,3,3,0
785,25,0,0,7.05,SOTON/O.Q. 3101312,1,3,3,0
885,25,0,0,7.05,SOTON/OQ 392076,1,3,3,0
364,35,0,0,7.05,SOTON/O.Q. 3101310,1,3,3,0
466,38,0,0,7.05,SOTON/O.Q. 3101306,1,3,3,0
632,51,0,0,7.0542,347743,1,3,3,0
722,17,1,0,7.0542,350048,1,3,3,0
434,17,0,0,7.125,STON/O 2. 3101274,1,3,3,0
244,22,0,0,7.125,STON/O 2. 3101275,1,3,3,0
591,35,0,0,7.125,STON/O 2. 3101273,1,3,3,0
762,41,0,0,7.125,SOTON/O2 3101272,1,3,3,0
128,24,0,0,7.1417,C 17369,1,3,3,1
377,22,0,0,7.25,C 7077,2,3,3,1
228,20.5,0,0,7.25,A/5 21173,1,3,3,0
492,21,0,0,7.25,SOTON/OQ 3101317,1,3,3,0
213,22,0,0,7.25,A/5 21174,1,3,3,0
321,22,0,0,7.25,A/5 21172,1,3,3,0
786,25,0,0,7.25,374887,1,3,3,0
1015,28,0,0,7.25,392095,1,3,3,0
366,30,0,0,7.25,C 7076,1,3,3,0
1177,36,0,0,7.25,A/5 21175,1,3,3,0
1307,38.5,0,0,7.25,SOTON/O.Q. 3101262,1,3,3,0
593,47,0,0,7.25,A/5 3902,1,3,3,0
95,59,0,0,7.25,364500,1,3,3,0
1,22,1,0,7.25,A/5 21171,1,3,3,0
787,18,0,0,7.4958,3101265,2,3,3,1
515,24,0,0,7.4958,349209,1,3,3,0
664,36,0,0,7.4958,349210,1,3,3,0
479,22,0,0,7.5208,350060,1,3,3,0
650,23,0,0,7.55,CA. 2314,2,3,3,1
1047,24,0,0,7.55,S.O./P.P. 752,1,3,3,0
846,42,0,0,7.55,C.A. 5547,1,3,3,0
1233,32,0,0,7.5792,350403,1,3,3,0
1237,16,0,0,7.65,348125,2,3,3,1
107,21,0,0,7.65,343120,2,3,3,1
716,19,0,0,7.65,348124,1,3,3,0
76,25,0,0,7.65,348123,1,3,3,0
949,25,0,0,7.65,348122,1,3,3,0
700,42,0,0,7.65,348121,1,3,3,0
277,45,0,0,7.75,347073,2,3,3,0
142,22,0,0,7.75,347081,2,3,3,1
776,18,0,0,7.75,347078,1,3,3,0
954,18,0,0,7.75,347090,1,3,3,0
407,51,0,0,7.75,347064,1,3,3,0
808,18,0,0,7.775,347087,2,3,3,0
247,25,0,0,7.775,347071,2,3,3,0
1089,18,0,0,7.775,347066,2,3,3,1
555,22,0,0,7.775,347085,2,3,3,1
1304,28,0,0,7.775,347086,2,3,3,1
765,16,0,0,7.775,347074,1,3,3,0
676,18,0,0,7.775,349912,1,3,3,0
380,19,0,0,7.775,347069,1,3,3,0
409,21,0,0,7.775,312992,1,3,3,0
1151,21,0,0,7.775,345501,1,3,3,0
1290,22,0,0,7.775,347065,1,3,3,0
1278,24,0,0,7.775,349911,1,3,3,0
163,26,0,0,7.775,347068,1,3,3,0
995,26,0,0,7.775,347070,1,3,3,0
1212,26,0,0,7.775,347075,1,3,3,0
232,29,0,0,7.775,347067,1,3,3,0
806,31,0,0,7.775,347063,1,3,3,0
1192,32,0,0,7.775,347079,1,3,3,0
720,33,0,0,7.775,347062,1,3,3,0
852,74,0,0,7.775,347060,1,3,3,0
443,25,1,0,7.775,347076,1,3,3,0
268,25,1,0,7.775,347083,1,3,3,1
1106,38,4,2,7.775,347091,2,3,3,1
689,18,0,0,7.7958,350036,1,3,3,0
1115,21,0,0,7.7958,350053,1,3,3,0
396,22,0,0,7.7958,350052,1,3,3,0
1018,22,0,0,7.7958,350045,1,3,3,0
1118,23,0,0,7.7958,350054,1,3,3,0
500,24,0,0,7.7958,350035,1,3,3,0
987,25,0,0,7.7958,350033,1,3,3,0
757,28,0,0,7.7958,350042,1,3,3,0
392,21,0,0,7.7958,350034,1,3,3,1
147,27,0,0,7.7958,350043,1,3,3,1
52,21,0,0,7.8,A/4. 39886,1,3,3,0
934,41,0,0,7.85,SOTON/O.Q. 3101263,1,3,3,0
15,14,0,0,7.8542,350406,2,3,3,0
397,31,0,0,7.8542,350407,2,3,3,0
990,20,0,0,7.8542,347471,2,3,3,1
1049,23,0,0,7.8542,347469,2,3,3,1
316,26,0,0,7.8542,347470,2,3,3,1
92,20,0,0,7.8542,347466,1,3,3,0
641,20,0,0,7.8542,350050,1,3,3,0
1127,20,0,0,7.8542,350416,1,3,3,0
624,21,0,0,7.8542,350029,1,3,3,0
1153,21,0,0,7.8542,350410,1,3,3,0
834,23,0,0,7.8542,347468,1,3,3,0
1027,24,0,0,7.8542,350409,1,3,3,0
1210,27,0,0,7.8542,350408,1,3,3,0
282,28,0,0,7.8542,347464,1,3,3,0
1191,29,0,0,7.8542,347467,1,3,3,0
1087,33,0,0,7.8542,347465,1,3,3,0
772,48,0,0,7.8542,350047,1,3,3,0
570,32,0,0,7.8542,350417,1,3,3,1
193,19,1,0,7.8542,350046,2,3,3,1
705,26,1,0,7.8542,350025,1,3,3,0
176,18,1,1,7.8542,350404,1,3,3,0
423,29,0,0,7.875,315082,1,3,3,0
811,26,0,0,7.8875,3474,1,3,3,0
101,28,0,0,7.8958,349245,2,3,3,0
952,17,0,0,7.8958,349232,1,3,3,0
567,19,0,0,7.8958,349205,1,3,3,0
647,19,0,0,7.8958,349231,1,3,3,0
878,19,0,0,7.8958,349212,1,3,3,0
963,21,0,0,7.8958,349211,1,3,3,0
288,22,0,0,7.8958,349206,1,3,3,0
522,22,0,0,7.8958,349252,1,3,3,0
754,23,0,0,7.8958,349204,1,3,3,0
295,24,0,0,7.8958,349233,1,3,3,0
795,25,0,0,7.8958,349203,1,3,3,0
1101,25,0,0,7.8958,349250,1,3,3,0
629,26,0,0,7.8958,349224,1,3,3,0
871,26,0,0,7.8958,349248,1,3,3,0
1187,26,0,0,7.8958,349202,1,3,3,0
322,27,0,0,7.8958,349219,1,3,3,0
1226,27,0,0,7.8958,349229,1,3,3,0
106,28,0,0,7.8958,349207,1,3,3,0
314,28,0,0,7.8958,349243,1,3,3,0
607,30,0,0,7.8958,349246,1,3,3,0
520,32,0,0,7.8958,349242,1,3,3,0
882,33,0,0,7.8958,349257,1,3,3,0
948,35,0,0,7.8958,349230,1,3,3,0
190,36,0,0,7.8958,349247,1,3,3,0
109,38,0,0,7.8958,349249,1,3,3,0
562,40,0,0,7.8958,349251,1,3,3,0
1026,43,0,0,7.8958,349226,1,3,3,0
817,23,0,0,7.925,STON/O2. 3101290,2,3,3,0
3,26,0,0,7.925,STON/O2. 3101282,2,3,3,1
217,27,0,0,7.925,STON/O2. 3101283,2,3,3,1
964,29,0,0,7.925,3101297,2,3,3,1
841,20,0,0,7.925,SOTON/O2 3101287,1,3,3,0
1143,20,0,0,7.925,SOTON/O2 3101284,1,3,3,0
116,21,0,0,7.925,STON/O 2. 3101294,1,3,3,0
174,21,0,0,7.925,STON/O 2. 3101280,1,3,3,0
937,25,0,0,7.925,STON/O 2. 3101291,1,3,3,0
989,29,0,0,7.925,STON/O 2. 3101268,1,3,3,0
383,32,0,0,7.925,STON/O 2. 3101293,1,3,3,0
637,32,0,0,7.925,STON/O 2. 3101292,1,3,3,0
529,39,0,0,7.925,3101296,1,3,3,0
745,31,0,0,7.925,STON/O 2. 3101288,1,3,3,1
580,32,0,0,7.925,STON/O 2. 3101286,1,3,3,1
401,39,0,0,7.925,STON/O 2. 3101289,1,3,3,1
415,44,0,0,7.925,STON/O 2. 3101269,1,3,3,1
730,25,1,0,7.925,STON/O2. 3101271,2,3,3,0
910,27,1,0,7.925,STON/O2. 3101270,2,3,3,1
665,20,1,0,7.925,STON/O 2. 3101285,1,3,3,1
393,28,2,0,7.925,3101277,1,3,3,0
105,37,2,0,7.925,3101276,1,3,3,0
69,17,4,2,7.925,3101281,2,3,3,1
979,18,0,0,8.05,A/4 31416,2,3,3,1
1030,23,0,0,8.05,SOTON/OQ 392083,2,3,3,1
575,16,0,0,8.05,A/4. 20589,1,3,3,0
373,19,0,0,8.05,323951,1,3,3,0
13,20,0,0,8.05,A/5. 2151,1,3,3,0
38,21,0,0,8.05,A./5. 2152,1,3,3,0
495,21,0,0,8.05,A/4 45380,1,3,3,0
1113,21,0,0,8.05,342684,1,3,3,0
113,22,0,0,8.05,324669,1,3,3,0
589,22,0,0,8.05,14973,1,3,3,0
1039,22,0,0,8.05,SC/A4 23568,1,3,3,0
90,24,0,0,8.05,343275,1,3,3,0
1021,24,0,0,8.05,342441,1,3,3,0
677,24.5,0,0,8.05,342826,1,3,3,0
402,26,0,0,8.05,341826,1,3,3,0
1149,28,0,0,8.05,363611,1,3,3,0
91,29,0,0,8.05,343276,1,3,3,0
158,30,0,0,8.05,SOTON/OQ 392090,1,3,3,0
489,30,0,0,8.05,A.5. 18509,1,3,3,0
815,30.5,0,0,8.05,364499,1,3,3,0
1022,32,0,0,8.05,STON/OQ. 369943,1,3,3,0
991,33,0,0,8.05,A./5. 3338,1,3,3,0
462,34,0,0,8.05,364506,1,3,3,0
759,34,0,0,8.05,363294,1,3,3,0
5,35,0,0,8.05,373450,1,3,3,0
615,35,0,0,8.05,364512,1,3,3,0
669,43,0,0,8.05,A/5 3536,1,3,3,0
604,44,0,0,8.05,364511,1,3,3,0
697,44,0,0,8.05,363592,1,3,3,0
483,50,0,0,8.05,A/5 3594,1,3,3,0
223,51,0,0,8.05,21440,1,3,3,0
153,55.5,0,0,8.05,A.5. 11206,1,3,3,0
221,16,0,0,8.05,SOTON/OQ 392089,1,3,3,1
205,18,0,0,8.05,A/5 3540,1,3,3,1
284,19,0,0,8.05,A/5. 10482,1,3,3,1
430,32,0,0,8.05,SOTON/O.Q. 392078,1,3,3,1
339,45,0,0,8.05,7598,1,3,3,1
1079,17,2,0,8.05,A/4 48873,1,3,3,0
68,19,0,0,8.1583,S.P. 3464,1,3,3,0
835,18,0,0,8.3,2223,1,3,3,0
770,32,0,0,8.3625,8471,1,3,3,0
198,42,0,1,8.4042,4579,1,3,3,0
653,21,0,0,8.4333,8475,1,3,3,0
104,33,0,0,8.6542,7540,1,3,3,0
405,20,0,0,8.6625,315096,2,3,3,0
535,30,0,0,8.6625,315084,2,3,3,0
929,21,0,0,8.6625,315087,2,3,3,1
1172,23,0,0,8.6625,315085,2,3,3,1
164,17,0,0,8.6625,315093,1,3,3,0
501,17,0,0,8.6625,315086,1,3,3,0
845,17,0,0,8.6625,315090,1,3,3,0
1161,17,0,0,8.6625,315095,1,3,3,0
1202,18,0,0,8.6625,315091,1,3,3,0
726,20,0,0,8.6625,315094,1,3,3,0
837,21,0,0,8.6625,315097,1,3,3,0
1195,24,0,0,8.6625,315092,1,3,3,0
895,27,0,0,8.6625,315154,1,3,3,0
1255,27,0,0,8.6625,315083,1,3,3,0
472,38,0,0,8.6625,315089,1,3,3,0
350,42,0,0,8.6625,315088,1,3,3,0
822,27,0,0,8.6625,315098,1,3,3,1
1268,22,2,0,8.6625,315152,2,3,3,1
70,26,2,0,8.6625,315151,1,3,3,0
798,31,0,0,8.6833,349244,2,3,3,1
294,24,0,0,8.85,349236,2,3,3,0
1061,22,0,0,8.9625,7548,2,3,3,1
81,22,0,0,9,345767,1,3,3,0
874,47,0,0,9,345765,1,3,3,0
139,16,0,0,9.2167,7534,1,3,3,0
897,14,0,0,9.225,7538,1,3,3,0
683,20,0,0,9.225,6563,1,3,3,0
351,23,0,0,9.225,7267,1,3,3,0
1145,24,0,0,9.325,7266,1,3,3,0
226,22,0,0,9.35,PP 4348,1,3,3,0
856,18,0,1,9.35,392091,2,3,3,1
1199,0.83,0,1,9.35,392091,1,3,3,0
41,40,1,0,9.475,7546,2,3,3,0
714,29,0,0,9.4833,7545,1,3,3,0
283,16,0,0,9.5,345778,1,3,3,0
442,20,0,0,9.5,345769,1,3,3,0
771,24,0,0,9.5,345781,1,3,3,0
930,25,0,0,9.5,345768,1,3,3,0
201,28,0,0,9.5,345770,1,3,3,0
356,28,0,0,9.5,345783,1,3,3,0
1146,32.5,0,0,9.5,345775,1,3,3,0
753,33,0,0,9.5,345780,1,3,3,0
1186,36,0,0,9.5,345771,1,3,3,0
82,29,0,0,9.5,345779,1,3,3,1
287,30,0,0,9.5,345774,1,3,3,1
504,37,0,0,9.5875,4135,2,3,3,0
484,63,0,0,9.5875,4134,2,3,3,1
114,20,1,0,9.825,4136,2,3,3,0
403,21,1,0,9.825,4137,2,3,3,0
475,22,0,0,9.8375,7553,2,3,3,0
678,18,0,0,9.8417,4138,2,3,3,1
877,20,0,0,9.8458,7534,1,3,3,0
688,19,0,0,10.1708,349228,1,3,3,0
206,2,0,1,10.4625,347054,2,3,3,0
252,29,1,1,10.4625,347054,2,3,3,0
773,57,0,0,10.5,S.O./P.P. 3,2,2,3,0
85,17,0,0,10.5,SO/C 14885,2,2,3,1
57,21,0,0,10.5,C.A. 31026,2,2,3,1
1114,22,0,0,10.5,W./C. 14266,2,2,3,1
718,27,0,0,10.5,34218,2,2,3,1
67,29,0,0,10.5,C.A. 29395,2,2,3,1
517,34,0,0,10.5,C.A. 34260,2,2,3,1
459,50,0,0,10.5,F.C.C. 13531,2,2,3,1
527,50,0,0,10.5,W./C. 14258,2,2,3,1
842,16,0,0,10.5,S.O./P.P. 3,1,2,3,0
1232,18,0,0,10.5,C.A. 15185,1,2,3,0
239,19,0,0,10.5,28665,1,2,3,0
1209,19,0,0,10.5,28004,1,2,3,0
1171,22,0,0,10.5,W./C. 14260,1,2,3,0
399,23,0,0,10.5,244278,1,2,3,0
1090,23,0,0,10.5,C.A. 31030,1,2,3,0
235,24,0,0,10.5,C.A. 29566,1,2,3,0
1099,24,0,0,10.5,28034,1,2,3,0
1096,25,0,0,10.5,C.A. 34050,1,2,3,0
1243,25,0,0,10.5,F.C.C. 13540,1,2,3,0
620,26,0,0,10.5,31028,1,2,3,0
884,28,0,0,10.5,C.A./SOTON 34068,1,2,3,0
1168,28,0,0,10.5,SC 14888,1,2,3,0
243,29,0,0,10.5,W./C. 14263,1,2,3,0
220,30,0,0,10.5,W/C 14208,1,2,3,0
440,31,0,0,10.5,C.A. 18723,1,2,3,0
71,32,0,0,10.5,C.A. 33111,1,2,3,0
813,35,0,0,10.5,28206,1,2,3,0
266,36,0,0,10.5,C.A. 17248,1,2,3,0
1285,47,0,0,10.5,C.A. 30769,1,2,3,0
34,66,0,0,10.5,C.A. 24579,1,2,3,0
673,70,0,0,10.5,C.A. 24580,1,2,3,0
227,19,0,0,10.5,SW/PP 751,1,2,3,1
571,62,0,0,10.5,S.W./PP 752,1,2,3,1
1298,23,1,0,10.5,28666,1,2,3,0
883,22,0,0,10.5167,7552,2,3,3,0
173,1,1,1,11.1333,347742,2,3,3,1
870,4,1,1,11.1333,347742,1,3,3,1
9,27,0,2,11.1333,347742,2,3,3,1
145,18,0,0,11.5,231945,1,2,3,0
758,18,0,0,11.5,29108,1,2,3,0
1269,21,0,0,11.5,29107,1,2,3,0
862,21,1,0,11.5,28134,1,2,3,0
1262,21,1,0,11.5,28133,1,2,3,0
530,23,2,1,11.5,29104,1,2,3,0
1155,1,1,1,12.1833,350405,2,3,3,1
1045,36,0,2,12.1833,350405,2,3,3,1
240,33,0,0,12.275,SCO/W 1585,1,2,3,0
480,2,0,1,12.2875,3101298,2,3,3,1
896,22,1,1,12.2875,3101298,2,3,3,1
778,5,0,0,12.475,364516,2,3,3,1
80,30,0,0,12.475,364516,2,3,3,1
824,27,0,1,12.475,392096,2,3,3,1
752,6,0,1,12.475,392096,1,3,3,1
151,51,0,0,12.525,S.O.P. 1166,1,2,3,0
400,28,0,0,12.65,240929,2,2,3,1
200,24,0,0,13,248747,2,2,3,0
358,38,0,0,13,237671,2,2,3,0
1150,19,0,0,13,28404,2,2,3,1
346,24,0,0,13,248733,2,2,3,1
444,28,0,0,13,230434,2,2,3,1
636,28,0,0,13,237668,2,2,3,1
748,30,0,0,13,250648,2,2,3,1
935,30,0,0,13,237249,2,2,3,1
191,32,0,0,13,234604,2,2,3,1
124,32.5,0,0,13,27267,2,2,3,1
577,34,0,0,13,243880,2,2,3,1
328,36,0,0,13,28551,2,2,3,1
388,36,0,0,13,27849,2,2,3,1
347,40,0,0,13,31418,2,2,3,1
866,42,0,0,13,236852,2,2,3,1
229,18,0,0,13,236171,1,2,3,0
1001,18.5,0,0,13,248734,1,2,3,0
192,19,0,0,13,28424,1,2,3,0
1221,21,0,0,13,236854,1,2,3,0
659,23,0,0,13,29751,1,2,3,0
734,23,0,0,13,28425,1,2,3,0
735,23,0,0,13,233639,1,2,3,0
865,24,0,0,13,233866,1,2,3,0
135,25,0,0,13,C.A. 29178,1,2,3,0
344,25,0,0,13,244361,1,2,3,0
667,25,0,0,13,234686,1,2,3,0
1029,26,0,0,13,248659,1,2,3,0
1214,26,0,0,13,244368,1,2,3,0
1238,26,0,0,13,237670,1,2,3,0
222,27,0,0,13,220367,1,2,3,0
887,27,0,0,13,211536,1,2,3,0
343,28,0,0,13,248740,1,2,3,0
179,30,0,0,13,250653,1,2,3,0
214,30,0,0,13,250646,1,2,3,0
419,30,0,0,13,28228,1,2,3,0
970,30,0,0,13,248744,1,2,3,0
1072,30,0,0,13,233478,1,2,3,0
1228,32,0,0,13,244360,1,2,3,0
723,34,0,0,13,12233,1,2,3,0
801,34,0,0,13,250647,1,2,3,0
345,36,0,0,13,229236,1,2,3,0
1121,36,0,0,13,242963,1,2,3,0
796,39,0,0,13,28213,1,2,3,0
809,39,0,0,13,248723,1,2,3,0
1081,40,0,0,13,28221,1,2,3,0
1056,41,0,0,13,237393,1,2,3,0
150,42,0,0,13,244310,1,2,3,0
1020,42,0,0,13,211535,1,2,3,0
1265,44,0,0,13,248746,1,2,3,0
464,48,0,0,13,234360,1,2,3,0
724,50,0,0,13,250643,1,2,3,0
715,52,0,0,13,250647,1,2,3,0
1279,57,0,0,13,244346,1,2,3,0
674,31,0,0,13,244270,1,2,3,1
22,34,0,0,13,248698,1,2,3,1
289,42,0,0,13,237798,1,2,3,1
1130,18,1,1,13,250650,2,2,3,1
418,18,0,2,13,250652,2,2,3,1
1054,26,0,0,13.5,220844,2,2,3,1
707,45,0,0,13.5,223596,2,2,3,1
1240,24,0,0,13.5,248726,1,2,3,0
563,28,0,0,13.5,218629,1,2,3,0
953,32,0,0,13.5,237216,1,2,3,0
696,52,0,0,13.5,248731,1,2,3,0
233,59,0,0,13.5,237442,1,2,3,0
1301,3,1,1,13.775,SOTON/O.Q. 3101315,2,3,3,1
1173,0.75,1,1,13.775,SOTON/O.Q. 3101315,1,3,3,0
1051,26,0,2,13.775,SOTON/O.Q. 3101315,2,3,3,1
982,22,1,0,13.9,347072,2,3,3,1
1064,23,1,0,13.9,347072,1,3,3,0
318,54,0,0,14,29011,1,2,3,0
1201,45,1,0,14.1083,350026,2,3,3,1
861,41,2,0,14.1083,350026,1,3,3,0
424,28,1,1,14.4,347080,2,3,3,0
617,34,1,1,14.4,347080,1,3,3,0
1093,0.33,0,2,14.4,347080,1,3,3,0
576,19,0,0,14.5,358585,1,3,3,0
133,47,1,0,14.5,A/5. 3337,2,3,3,0
917,50,1,0,14.5,A/5. 3337,1,3,3,0
756,0.67,1,1,14.5,250649,1,2,3,1
1084,11.5,1,1,14.5,A/5. 851,1,3,3,0
248,24,0,2,14.5,250649,2,2,3,1
154,40.5,0,2,14.5,A/5. 851,1,3,3,0
587,47,0,0,15,237565,1,2,3,0
1120,40.5,0,0,15.1,C.A. 6212,1,3,3,0
1251,30,1,0,15.55,349910,2,3,3,1
606,36,1,0,15.55,349910,1,3,3,0
1012,12,0,0,15.75,C.A. 33595,2,2,3,1
162,40,0,0,15.75,C.A. 33595,2,2,3,1
143,24,1,0,15.85,STON/O2. 3101279,2,3,3,1
404,28,1,0,15.85,STON/O2. 3101279,1,3,3,0
207,32,1,0,15.85,3101278,1,3,3,0
86,33,3,0,15.85,3101278,2,3,3,1
349,3,1,1,15.9,C.A. 37671,1,3,3,1
490,9,1,1,15.9,C.A. 37671,1,3,3,1
941,36,0,2,15.9,C.A. 37671,2,3,3,1
16,55,0,0,16,248706,2,2,3,1
1077,40,0,0,16,239059,1,2,3,0
625,21,0,0,16.1,54636,1,3,3,0
736,28.5,0,0,16.1,54636,1,3,3,0
618,26,1,0,16.1,A/5. 3336,2,3,3,0
1275,19,1,0,16.1,376566,2,3,3,1
744,24,1,0,16.1,376566,1,3,3,0
254,30,1,0,16.1,A/5. 3336,1,3,3,0
1017,17,0,1,16.1,371362,2,3,3,1
161,44,0,1,16.1,371362,1,3,3,0
1009,1,1,1,16.7,PP 9549,2,3,3,1
11,4,1,1,16.7,PP 9549,2,3,3,1
395,24,0,2,16.7,PP 9549,2,3,3,1
560,36,1,0,17.4,345572,2,3,3,1
1152,36.5,1,0,17.4,345572,1,3,3,0
50,18,1,0,17.8,349237,2,3,3,0
354,25,1,0,17.8,349237,1,3,3,0
19,31,1,0,18,345763,2,3,3,0
39,18,2,0,18,345764,2,3,3,0
334,16,2,0,18,345764,1,3,3,0
1037,31,3,0,18,345763,1,3,3,0
832,0.83,1,1,18.75,29106,1,2,3,1
408,3,1,1,18.75,29106,1,2,3,1
438,24,2,3,18.75,29106,2,2,3,1
447,13,0,1,19.5,250644,2,2,3,1
273,41,0,1,19.5,250644,2,2,3,1
1176,2,1,1,20.2125,370129,2,3,3,1
425,18,1,1,20.2125,370129,1,3,3,0
255,41,0,2,20.2125,370129,2,3,3,0
280,35,1,1,20.25,C.A. 2673,2,3,3,1
747,16,1,1,20.25,C.A. 2673,1,3,3,0
1284,13,0,2,20.25,C.A. 2673,1,3,3,0
329,31,1,1,20.525,363291,2,3,3,1
549,33,1,1,20.525,363291,1,3,3,0
166,9,0,2,20.525,363291,1,3,3,1
1246,0.17,1,2,20.575,C.A. 2315,2,3,3,1
924,33,1,2,20.575,C.A. 2315,2,3,3,1
94,26,1,2,20.575,C.A. 2315,1,3,3,0
789,1,1,2,20.575,C.A. 2315,1,3,3,1
1138,22,0,0,21,F.C.C. 13534,2,2,3,1
1241,31,0,0,21,F.C.C. 13528,2,2,3,1
1254,31,0,0,21,CA 31352,2,2,3,1
212,35,0,0,21,F.C.C. 13528,2,2,3,1
42,27,1,0,21,11668,2,2,3,0
118,29,1,0,21,11668,1,2,3,0
1170,30,1,0,21,CA 31352,1,2,3,0
406,34,1,0,21,28664,1,2,3,0
477,34,1,0,21,31027,1,2,3,0
1293,38,1,0,21,28664,1,2,3,0
727,30,3,0,21,31027,2,2,3,1
1078,21,0,1,21,S.O./P.P. 2,2,2,3,1
1194,43,0,1,21,S.O./P.P. 2,1,2,3,0
375,3,3,1,21.075,349909,2,3,3,0
25,8,3,1,21.075,349909,2,3,3,0
8,2,3,1,21.075,349909,1,3,3,0
1281,6,3,1,21.075,349909,1,3,3,0
568,29,0,4,21.075,349909,2,3,3,0
1057,26,1,1,22.025,315153,2,3,3,1
1286,29,3,1,22.025,315153,1,3,3,0
185,4,0,2,22.025,315153,2,3,3,1
509,28,0,0,22.525,C 4001,1,3,3,0
997,28,0,0,22.525,C 4001,1,3,3,0
1102,32,0,0,22.525,C 4001,1,3,3,0
652,18,0,1,23,231919,2,2,3,1
99,34,0,1,23,231919,2,2,3,1
751,4,1,1,23,29103,2,2,3,1
981,2,1,1,23,29103,1,2,3,0
944,20,2,1,23,29105,2,2,3,1
1154,29,0,2,23,29103,2,2,3,1
775,54,1,3,23,29105,2,2,3,1
812,39,0,0,24.15,A/4 48871,1,3,3,0
901,21,2,0,24.15,A/4 48871,1,3,3,0
566,24,2,0,24.15,A/4 48871,1,3,3,0
800,30,1,1,24.15,345773,2,3,3,0
596,36,1,1,24.15,345773,1,3,3,0
420,10,0,2,24.15,345773,2,3,3,0
663,47,0,0,25.5875,5727,1,1,3,0
969,55,2,0,25.7,11770,2,1,3,1
863,48,0,0,25.9292,17466,2,1,3,1
797,49,0,0,25.9292,17465,2,1,3,1
428,19,0,0,26,250655,2,2,3,1
1227,30,0,0,26,110469,1,1,3,0
903,46,0,0,26,694,1,1,3,0
974,49,0,0,26,19924,1,1,3,0
1247,50,0,0,26,113044,1,1,3,0
546,64,0,0,26,693,1,1,3,0
792,16,0,0,26,239865,1,2,3,0
552,27,0,0,26,244358,1,2,3,0
1035,28,0,0,26,244358,1,2,3,0
21,35,0,0,26,239865,1,2,3,0
706,39,0,0,26,250655,1,2,3,0
398,46,0,0,26,28403,1,2,3,0
583,54,0,0,26,28403,1,2,3,0
855,44,1,0,26,244252,2,2,3,0
547,19,1,0,26,2908,2,2,3,1
1167,20,1,0,26,236853,2,2,3,1
317,24,1,0,26,244367,2,2,3,1
427,28,1,0,26,2003,2,2,3,1
54,29,1,0,26,2926,2,2,3,1
134,29,1,0,26,228414,2,2,3,1
1011,29,1,0,26,SC/AH 29037,2,2,3,1
1140,29,1,0,26,26707,2,2,3,1
519,36,1,0,26,226875,2,2,3,1
433,42,1,0,26,SC/AH 3085,2,2,3,1
1105,60,1,0,26,24065,2,2,3,1
729,25,1,0,26,236853,1,2,3,0
993,27,1,0,26,228414,1,2,3,0
1220,29,1,0,26,2003,1,2,3,0
100,34,1,0,26,244367,1,2,3,0
1082,34,1,0,26,226875,1,2,3,0
595,37,1,0,26,SC/AH 29037,1,2,3,0
1169,40,1,0,26,2926,1,2,3,0
237,44,1,0,26,26707,1,2,3,0
922,50,1,0,26,SC/AH 3085,1,2,3,0
250,54,1,0,26,244252,1,2,3,0
905,63,1,0,26,24065,1,2,3,0
544,32,1,0,26,2908,1,2,3,1
881,25,0,1,26,230433,2,2,3,1
260,50,0,1,26,230433,2,2,3,1
313,26,1,1,26,250651,2,2,3,0
531,2,1,1,26,26360,2,2,3,1
1095,8,1,1,26,26360,2,2,3,1
1041,30,1,1,26,250651,1,2,3,0
341,2,1,1,26,230080,1,2,3,1
194,3,1,1,26,230080,1,2,3,1
507,33,0,2,26,26360,2,2,3,1
149,36.5,0,2,26,230080,1,2,3,0
802,31,1,1,26.25,C.A. 31921,2,2,3,1
441,45,1,1,26.25,F.C.C. 13529,2,2,3,1
638,31,1,1,26.25,C.A. 31921,1,2,3,0
315,43,1,1,26.25,F.C.C. 13529,1,2,3,0
536,7,0,2,26.25,F.C.C. 13529,2,2,3,1
238,8,0,2,26.25,C.A. 31921,2,2,3,1
137,19,0,2,26.2833,11752,2,1,3,1
702,35,0,0,26.2875,PC 17475,1,1,3,1
513,36,0,0,26.2875,PC 17473,1,1,3,1
708,42,0,0,26.2875,PC 17476,1,1,3,1
573,36,0,0,26.3875,PC 17474,1,1,3,1
1123,21,0,0,26.55,113795,2,1,3,1
12,58,0,0,26.55,113783,2,1,3,1
1215,33,0,0,26.55,113790,1,1,3,0
1036,42,0,0,26.55,17475,1,1,3,0
1050,42,0,0,26.55,110489,1,1,3,0
537,45,0,0,26.55,113050,1,1,3,0
468,56,0,0,26.55,113792,1,1,3,0
695,60,0,0,26.55,113800,1,1,3,0
253,62,0,0,26.55,113514,1,1,3,0
556,62,0,0,26.55,113807,1,1,3,0
457,65,0,0,26.55,13509,1,1,3,0
431,28,0,0,26.55,110564,1,1,3,1
448,34,0,0,26.55,113794,1,1,3,1
188,45,0,0,26.55,111428,1,1,3,1
461,48,0,0,26.55,19952,1,1,3,1
858,51,0,0,26.55,113055,1,1,3,1
1197,64,1,1,26.55,112901,2,1,3,1
218,42,1,0,27,243847,1,2,3,0
601,24,2,1,27,243847,2,2,3,1
1142,0.92,1,2,27.75,C.A. 34651,2,2,3,1
59,5,1,2,27.75,C.A. 34651,2,2,3,1
473,33,1,2,27.75,C.A. 34651,2,2,3,1
451,36,1,2,27.75,C.A. 34651,1,2,3,0
643,2,3,2,27.9,347088,2,3,3,0
635,9,3,2,27.9,347088,2,3,3,0
64,4,3,2,27.9,347088,1,3,3,0
820,10,3,2,27.9,347088,1,3,3,0
168,45,1,4,27.9,347088,2,3,3,0
361,40,1,4,27.9,347088,1,3,3,0
332,45.5,0,0,28.5,113043,1,1,3,0
324,22,1,1,29,248738,2,2,3,1
899,26,1,1,29,248738,1,2,3,0
79,0.83,0,2,29,248738,1,2,3,1
888,19,0,0,30,112053,2,1,3,1
783,29,0,0,30,113501,1,1,3,0
631,80,0,0,30,27042,1,1,3,1
581,25,1,1,30,237789,2,2,3,1
1133,45,0,2,30,237789,2,2,3,1
920,41,0,0,30.5,113054,1,1,3,0
493,55,0,0,30.5,113787,1,1,3,0
608,27,0,0,30.5,113804,1,1,3,1
450,52,0,0,30.5,113786,1,1,3,1
120,2,4,2,31.275,347082,2,3,3,0
814,6,4,2,31.275,347082,2,3,3,0
542,9,4,2,31.275,347082,2,3,3,0
543,11,4,2,31.275,347082,2,3,3,0
851,4,4,2,31.275,347082,1,3,3,0
611,39,1,5,31.275,347082,2,3,3,0
14,39,1,5,31.275,347082,1,3,3,0
234,5,4,2,31.3875,347077,2,3,3,1
1271,5,4,2,31.3875,347077,1,3,3,0
183,9,4,2,31.3875,347077,1,3,3,0
1046,13,4,2,31.3875,347077,1,3,3,0
262,3,4,2,31.3875,347077,1,3,3,1
26,38,1,5,31.3875,347077,2,3,3,1
1066,40,1,5,31.3875,347077,1,3,3,0
1230,25,0,0,31.5,C.A. 31029,1,2,3,0
1211,22,2,0,31.5,C.A. 31029,1,2,3,0
923,24,2,0,31.5,C.A. 31029,1,2,3,0
626,61,0,0,32.3208,36963,1,1,3,0
417,34,1,1,32.5,28220,2,2,3,1
1139,42,1,1,32.5,28220,1,2,3,0
1086,8,0,2,32.5,28220,1,2,3,0
721,6,0,1,33,248727,2,2,3,1
849,28,0,1,33,248727,1,2,3,0
171,61,0,0,33.5,111240,1,1,3,0
516,47,0,0,34.0208,36967,1,1,3,0
148,9,2,2,34.375,W./C. 6608,2,3,3,0
437,21,2,2,34.375,W./C. 6608,2,3,3,0
1059,18,2,2,34.375,W./C. 6608,1,3,3,0
737,48,1,3,34.375,W./C. 6608,2,3,3,0
87,16,1,3,34.375,W./C. 6608,1,3,3,0
340,45,0,0,35.5,113784,1,1,3,0
24,28,0,0,35.5,113788,1,1,3,1
1068,20,0,0,36.75,C.A. 33112,2,2,3,1
146,19,1,1,36.75,C.A. 33112,1,2,3,0
550,8,1,1,36.75,C.A. 33112,1,2,3,1
1222,48,0,2,36.75,C.A. 33112,2,2,3,1
463,47,0,0,38.5,111320,1,1,3,0
671,40,1,1,39,29750,2,2,3,1
685,60,1,1,39,29750,1,2,3,0
619,4,2,1,39,230136,2,2,3,1
1218,12,2,1,39,230136,2,2,3,1
184,1,2,1,39,230136,1,2,3,1
1067,15,0,2,39,29750,2,2,3,1
1070,36,0,3,39,230136,2,2,3,1
854,16,0,1,39.4,PC 17592,2,1,3,1
1283,51,0,1,39.4,PC 17592,2,1,3,1
1259,22,0,0,39.6875,3101295,2,3,3,1
165,1,4,1,39.6875,3101295,1,3,3,0
825,2,4,1,39.6875,3101295,1,3,3,0
51,7,4,1,39.6875,3101295,1,3,3,0
687,14,4,1,39.6875,3101295,1,3,3,0
267,16,4,1,39.6875,3101295,1,3,3,0
639,41,0,5,39.6875,3101295,2,3,3,0
959,47,0,0,42.4,113796,1,1,3,0
1107,42,0,0,42.5,113038,1,1,3,0
1190,30,0,0,45.5,113801,1,1,3,0
72,16,5,2,46.9,CA 2144,2,3,3,0
1032,10,5,2,46.9,CA 2144,2,3,3,1
387,1,5,2,46.9,CA 2144,1,3,3,0
481,9,5,2,46.9,CA 2144,1,3,3,0
60,11,5,2,46.9,CA 2144,1,3,3,0
684,14,5,2,46.9,CA 2144,1,3,3,0
679,43,1,6,46.9,CA 2144,2,3,3,0
1031,40,1,6,46.9,CA 2144,1,3,3,0
1295,17,0,0,47.1,113059,1,1,3,0
84,28,0,0,47.1,113059,1,1,3,0
1270,55,0,0,50,680,1,1,3,0
868,31,0,0,50.4958,PC 17590,1,1,3,0
572,53,2,0,51.4792,11769,2,1,3,1
1248,59,2,0,51.4792,11769,2,1,3,1
7,54,0,0,51.8625,17463,1,1,3,0
1137,41,1,0,51.8625,17464,1,1,3,0
111,47,0,0,52,110465,1,1,3,0
384,35,1,0,52,113789,2,1,3,1
672,31,1,0,52,F.C. 12750,1,1,3,0
36,42,1,0,52,113789,1,1,3,0
713,48,1,0,52,19996,1,1,3,1
984,27,1,2,52,F.C. 12750,2,1,3,1
936,45,1,0,52.5542,11753,2,1,3,1
622,42,1,0,52.5542,11753,1,1,3,1
872,47,1,1,52.5542,11751,2,1,3,1
249,37,1,1,52.5542,11751,1,1,3,1
1074,18,1,0,53.1,113773,2,1,3,1
810,33,1,0,53.1,113806,2,1,3,1
4,35,1,0,53.1,113803,2,1,3,1
749,19,1,0,53.1,113773,1,1,3,0
138,37,1,0,53.1,113803,1,1,3,0
725,27,1,0,53.1,113806,1,1,3,1
357,22,0,1,55,113505,2,1,3,1
578,39,1,0,55.9,13507,2,1,3,1
435,50,1,0,55.9,13507,1,1,3,0
170,28,0,0,56.4958,1601,1,3,3,0
510,26,0,0,56.4958,1601,1,3,3,1
75,32,0,0,56.4958,1601,1,3,3,1
839,32,0,0,56.4958,1601,1,3,3,1
782,17,1,0,57,17474,2,1,3,1
691,31,1,0,57,17474,1,1,3,1
1287,18,1,0,60,13695,2,1,3,1
942,24,1,0,60,13695,1,1,3,0
906,47,1,0,61.175,W.E.P. 5734,2,1,3,1
93,46,1,0,61.175,W.E.P. 5734,1,1,3,0
1122,14,0,0,65,220845,1,2,3,0
616,24,1,2,65,220845,2,2,3,1
1277,24,1,2,65,220845,2,2,3,1
755,48,1,2,65,220845,2,2,3,1
1245,49,1,2,65,220845,1,2,3,0
152,22,1,0,66.6,113776,2,1,3,1
337,29,1,0,66.6,113776,1,1,3,0
1252,14.5,8,2,69.55,CA. 2343,1,3,3,0
746,70,1,1,71,WE/P 5735,1,1,3,0
541,36,0,2,71,WE/P 5735,2,1,3,1
1104,17,0,0,73.5,S.O.C. 14879,1,2,3,0
386,18,0,0,73.5,S.O.C. 14879,1,2,3,0
1244,18,0,0,73.5,S.O.C. 14879,1,2,3,0
73,21,0,0,73.5,S.O.C. 14879,1,2,3,0
121,21,2,0,73.5,S.O.C. 14879,1,2,3,0
656,24,2,0,73.5,S.O.C. 14879,1,2,3,0
666,32,2,0,73.5,S.O.C. 14879,1,2,3,0
103,21,0,1,77.2875,35281,1,1,3,0
125,54,0,1,77.2875,35281,1,1,3,0
628,21,0,0,77.9583,13502,2,1,3,1
766,51,1,0,77.9583,13502,2,1,3,1
276,63,1,0,77.9583,13502,2,1,3,1
291,26,0,0,78.85,19877,2,1,3,1
988,76,1,0,78.85,19877,2,1,3,1
742,36,1,0,78.85,19877,1,1,3,0
559,39,1,1,79.65,110413,2,1,3,1
263,52,1,1,79.65,110413,1,1,3,0
586,18,0,2,79.65,110413,2,1,3,1
1266,54,1,1,81.8583,33638,2,1,3,1
1185,53,1,1,81.8583,33638,1,1,3,0
446,4,0,2,81.8583,33638,1,1,3,1
904,23,1,0,82.2667,21228,2,1,3,1
1179,24,1,0,82.2667,21228,1,1,3,0
231,35,1,0,83.475,36973,2,1,3,1
63,45,1,0,83.475,36973,1,1,3,0
505,16,0,0,86.5,110152,2,1,3,1
258,30,0,0,86.5,110152,2,1,3,1
760,33,0,0,86.5,110152,2,1,3,1
487,35,1,0,90,19943,2,1,3,1
225,38,1,0,90,19943,1,1,3,1
521,30,0,0,93.5,12749,2,1,3,1
1282,23,0,0,93.5,12749,1,1,3,0
821,52,1,1,93.5,12749,2,1,3,1
1200,55,1,1,93.5,12749,1,1,3,0
436,14,1,2,120,113760,2,1,3,1
764,36,1,2,120,113760,2,1,3,1
803,11,1,2,120,113760,1,1,3,1
391,36,1,2,120,113760,1,1,3,1
661,50,2,0,133.65,PC 17611,1,1,3,1
270,35,0,0,135.6333,PC 17760,2,1,3,1
709,22,0,0,151.55,113781,2,1,3,1
1033,33,0,0,151.55,113781,2,1,3,1
298,2,1,2,151.55,113781,2,1,3,0
499,25,1,2,151.55,113781,2,1,3,0
1198,30,1,2,151.55,113781,1,1,3,0
306,0.92,1,2,151.55,113781,1,1,3,1
610,40,0,0,153.4625,PC 17582,2,1,3,1
269,58,0,1,153.4625,PC 17582,2,1,3,1
333,38,0,1,153.4625,PC 17582,1,1,3,0
1292,30,0,0,164.8667,36928,2,1,3,1
857,45,1,1,164.8667,36928,2,1,3,1
1109,57,1,1,164.8667,36928,1,1,3,0
319,31,0,2,164.8667,36928,2,1,3,1
731,29,0,0,211.3375,24160,2,1,3,1
1216,39,0,0,211.3375,24160,2,1,3,1
690,15,0,1,211.3375,24160,2,1,3,1
780,43,0,1,211.3375,24160,2,1,3,1
1048,29,0,0,221.7792,PC 17483,2,1,3,1
1006,63,1,0,221.7792,PC 17483,2,1,3,1
973,67,1,0,221.7792,PC 17483,1,1,3,0
89,23,3,2,263,19950,2,1,3,1
342,24,3,2,263,19950,2,1,3,1
945,28,3,2,263,19950,2,1,3,1
28,19,3,2,263,19950,1,1,3,0
961,60,1,4,263,19950,2,1,3,1
439,64,1,4,263,19950,1,1,3,0
